4	69962267	69962267	"T"	"C"
4	69962273	69962273	"T"	"C"
4	69962290	69962290	"T"	"G"
4	69962297	69962297	"C"	"T"
4	69962306	69962306	"G"	"A"
4	69962313	69962313	"G"	"T"
4	69962317	69962317	"C"	"A"
4	69962318	69962318	"T"	"C"
4	69962330	69962330	"C"	"G"
4	69962336	69962336	"A"	"G"
4	69962344	69962344	"T"	"C"
4	69962349	69962349	"G"	"T"
4	69962360	69962360	"C"	"T"
4	69962362	69962362	"A"	"G"
4	69962373	69962373	"G"	"T"
4	69962374	69962374	"C"	"T"
4	69962375	69962375	"T"	"C"
4	69962383	69962383	"A"	"G"
4	69962384	69962384	"G"	"C"
4	69962387	69962387	"G"	"A"
4	69962389	69962389	"C"	"T"
4	69962390	69962390	"A"	"C"
4	69962395	69962395	"G"	"A"
4	69962398	69962398	"A"	"T"
4	69962401	69962401	"G"	"T"
4	69962401	69962401	"G"	"A"
4	69962404	69962404	"C"	"G"
4	69962407	69962407	"G"	"A"
4	69962407	69962407	"G"	"C"
4	69962408	69962408	"C"	"A"
4	69962425	69962425	"C"	"T"
4	69962425	69962425	"C"	"A"
4	69962426	69962426	"T"	"C"
4	69962430	69962430	"T"	"G"
4	69962437	69962437	"A"	"C"
4	69962441	69962441	"A"	"G"
4	69962447	69962447	"C"	"T"
4	69962449	69962449	"G"	"C"
4	69962449	69962449	"G"	"A"
4	69962449	69962449	"G"	"T"
4	69962452	69962452	"C"	"T"
4	69962452	69962452	"C"	"G"
4	69962458	69962458	"A"	"G"
4	69962459	69962459	"T"	"C"
4	69962466	69962466	"T"	"G"
4	69962468	69962468	"A"	"G"
4	69962471	69962471	"C"	"A"
4	69962471	69962471	"C"	"T"
4	69962473	69962473	"A"	"T"
4	69962476	69962476	"T"	"A"
4	69962477	69962477	"C"	"T"
4	69962494	69962494	"T"	"A"
4	69962494	69962494	"T"	"G"
4	69962511	69962511	"G"	"A"
4	69962511	69962511	"G"	"T"
4	69962519	69962519	"T"	"G"
4	69962540	69962540	"C"	"A"
4	69962543	69962543	"A"	"C"
4	69962551	69962551	"T"	"C"
4	69962555	69962555	"G"	"C"
4	69962558	69962558	"T"	"C"
4	69962559	69962559	"A"	"T"
4	69962563	69962563	"T"	"G"
4	69962566	69962566	"T"	"C"
4	69962576	69962576	"A"	"G"
4	69962582	69962582	"T"	"C"
4	69962584	69962584	"A"	"G"
4	69962587	69962587	"T"	"C"
4	69962599	69962599	"G"	"A"
4	69962603	69962603	"T"	"C"
4	69962610	69962610	"A"	"T"
4	69962614	69962614	"T"	"C"
4	69962618	69962618	"G"	"A"
4	69962623	69962623	"G"	"T"
4	69962640	69962640	"G"	"T"
4	69962644	69962644	"T"	"C"
4	69962644	69962644	"T"	"G"
4	69962648	69962648	"T"	"C"
4	69962650	69962650	"A"	"G"
4	69962654	69962654	"A"	"C"
4	69962656	69962656	"G"	"A"
4	69962657	69962657	"T"	"C"
4	69962659	69962659	"C"	"A"
4	69962662	69962662	"G"	"A"
4	69962662	69962662	"G"	"C"
4	69962666	69962666	"C"	"T"
4	69962669	69962669	"G"	"C"
4	69962673	69962673	"T"	"G"
4	69962676	69962676	"C"	"A"
4	69962677	69962677	"G"	"A"
4	69962678	69962678	"T"	"G"
4	69962680	69962680	"A"	"G"
4	69962682	69962682	"T"	"G"
4	69962692	69962692	"G"	"A"
4	69962693	69962693	"C"	"A"
4	69962695	69962695	"A"	"C"
4	69962696	69962696	"T"	"C"
4	69962701	69962701	"C"	"A"
4	69962704	69962704	"T"	"C"
4	69962705	69962705	"G"	"A"
4	69962719	69962719	"G"	"T"
4	69962734	69962734	"A"	"G"
4	69962735	69962735	"T"	"C"
4	69962737	69962737	"C"	"T"
4	69962737	69962737	"C"	"A"
4	69962738	69962738	"C"	"T"
4	69962744	69962744	"T"	"C"
4	69962762	69962762	"C"	"A"
4	69962762	69962762	"C"	"G"
4	69962770	69962770	"T"	"C"
4	69962774	69962774	"C"	"A"
4	69962774	69962774	"C"	"T"
4	69962786	69962786	"A"	"G"
4	69962789	69962789	"G"	"A"
4	69962791	69962791	"G"	"A"
4	69962798	69962798	"T"	"A"
4	69962800	69962800	"A"	"G"
4	69962800	69962800	"A"	"T"
4	69962807	69962807	"C"	"T"
4	69962818	69962818	"G"	"A"
4	69962818	69962818	"G"	"T"
4	69962821	69962821	"C"	"A"
4	69962822	69962822	"C"	"T"
4	69962824	69962824	"G"	"A"
4	69962827	69962827	"G"	"T"
4	69962831	69962831	"T"	"C"
4	69962833	69962833	"T"	"G"
4	69962843	69962843	"C"	"G"
4	69962846	69962846	"A"	"C"
4	69962866	69962866	"A"	"T"
4	69962882	69962882	"T"	"A"
4	69962887	69962887	"G"	"A"
4	69962887	69962887	"G"	"C"
4	69962894	69962894	"A"	"T"
4	69962899	69962899	"G"	"T"
4	69962906	69962906	"G"	"T"
4	69962906	69962906	"G"	"C"
4	69962911	69962911	"G"	"C"
4	69962911	69962911	"G"	"A"
4	69962921	69962921	"A"	"T"
4	69962923	69962923	"A"	"G"
4	69962925	69962925	"G"	"A"
4	69962935	69962935	"G"	"C"
4	69962935	69962935	"G"	"T"
4	69962943	69962943	"T"	"G"
4	69962953	69962953	"G"	"A"
4	69962954	69962954	"T"	"A"
4	69962956	69962956	"C"	"G"
4	69962959	69962959	"G"	"A"
4	69964258	69964258	"G"	"A"
4	69964269	69964269	"A"	"G"
4	69964270	69964270	"C"	"G"
4	69964273	69964273	"T"	"C"
4	69964279	69964279	"A"	"G"
4	69964287	69964287	"G"	"C"
4	69964288	69964288	"G"	"A"
4	69964294	69964294	"C"	"T"
4	69964296	69964296	"G"	"A"
4	69964299	69964299	"G"	"A"
4	69964304	69964304	"G"	"T"
4	69964309	69964309	"T"	"C"
4	69964310	69964310	"T"	"G"
4	69964312	69964312	"G"	"T"
4	69964312	69964312	"G"	"A"
4	69964314	69964314	"A"	"G"
4	69964335	69964335	"C"	"A"
4	69964336	69964336	"C"	"T"
4	69964338	69964338	"T"	"C"
4	69964341	69964341	"C"	"T"
4	69964344	69964344	"C"	"T"
4	69964350	69964350	"C"	"T"
4	69964366	69964366	"T"	"C"
4	69964368	69964368	"G"	"A"
4	69964369	69964369	"G"	"A"
4	69964372	69964372	"G"	"A"
4	69964374	69964374	"C"	"T"
4	69964386	69964386	"C"	"T"
4	69964395	69964395	"C"	"T"
4	69964404	69964404	"A"	"C"
4	69968530	69968530	"G"	"T"
4	69968530	69968530	"G"	"A"
4	69968535	69968535	"A"	"T"
4	69968538	69968538	"T"	"C"
4	69968546	69968546	"A"	"G"
4	69968552	69968552	"G"	"A"
4	69968555	69968555	"G"	"A"
4	69968559	69968559	"A"	"G"
4	69968561	69968561	"G"	"A"
4	69968570	69968570	"G"	"A"
4	69968573	69968573	"T"	"C"
4	69968582	69968582	"G"	"A"
4	69968588	69968588	"A"	"G"
4	69968592	69968592	"T"	"G"
4	69968597	69968597	"A"	"T"
4	69968600	69968600	"A"	"T"
4	69968603	69968603	"A"	"G"
4	69968616	69968616	"C"	"G"
4	69968620	69968620	"C"	"G"
4	69968621	69968621	"G"	"A"
4	69968625	69968625	"T"	"C"
4	69968627	69968627	"G"	"T"
4	69968631	69968631	"C"	"T"
4	69968633	69968633	"G"	"C"
4	69968634	69968634	"C"	"A"
4	69968640	69968640	"C"	"T"
4	69968654	69968654	"A"	"G"
4	69972893	69972893	"G"	"A"
4	69972896	69972896	"C"	"A"
4	69972903	69972903	"G"	"T"
4	69972908	69972908	"G"	"C"
4	69972920	69972920	"C"	"G"
4	69972923	69972923	"G"	"A"
4	69972925	69972925	"T"	"A"
4	69972926	69972926	"A"	"G"
4	69972927	69972927	"C"	"T"
4	69972927	69972927	"C"	"A"
4	69972930	69972930	"T"	"C"
4	69972933	69972933	"G"	"T"
4	69972941	69972941	"A"	"G"
4	69972944	69972944	"C"	"T"
4	69972945	69972945	"G"	"A"
4	69972948	69972948	"T"	"C"
4	69972951	69972951	"A"	"G"
4	69972953	69972953	"A"	"G"
4	69972955	69972955	"G"	"C"
4	69972956	69972956	"T"	"C"
4	69972956	69972956	"T"	"G"
4	69972963	69972963	"C"	"T"
4	69972967	69972967	"G"	"C"
4	69972969	69972969	"A"	"G"
4	69972974	69972974	"C"	"T"
4	69973823	69973823	"C"	"T"
4	69973830	69973830	"A"	"G"
4	69973832	69973832	"A"	"T"
4	69973839	69973839	"C"	"T"
4	69973844	69973844	"A"	"G"
4	69973845	69973845	"T"	"C"
4	69973857	69973857	"G"	"C"
4	69973857	69973857	"G"	"A"
4	69973863	69973863	"A"	"C"
4	69973863	69973863	"A"	"T"
4	69973865	69973865	"G"	"A"
4	69973866	69973866	"G"	"T"
4	69973866	69973866	"G"	"A"
4	69973874	69973874	"G"	"A"
4	69973875	69973875	"A"	"G"
4	69973877	69973877	"G"	"T"
4	69973877	69973877	"G"	"A"
4	69973883	69973883	"T"	"C"
4	69973884	69973884	"A"	"G"
4	69973887	69973887	"A"	"G"
4	69973890	69973890	"G"	"A"
4	69973894	69973894	"C"	"G"
4	69973900	69973900	"G"	"A"
4	69973900	69973900	"G"	"T"
4	69973901	69973901	"G"	"T"
4	69973902	69973902	"T"	"G"
4	69973904	69973904	"G"	"A"
4	69973910	69973910	"C"	"T"
4	69973915	69973915	"G"	"C"
4	69973919	69973919	"G"	"T"
4	69973920	69973920	"C"	"A"
4	69973920	69973920	"C"	"T"
4	69973922	69973922	"G"	"A"
4	69973923	69973923	"A"	"C"
4	69973931	69973931	"G"	"C"
4	69973932	69973932	"A"	"T"
4	69973934	69973934	"A"	"G"
4	69973940	69973940	"G"	"A"
4	69973946	69973946	"A"	"C"
4	69973946	69973946	"A"	"T"
4	69973947	69973947	"T"	"C"
4	69973953	69973953	"C"	"A"
4	69973956	69973956	"G"	"A"
4	69973956	69973956	"G"	"C"
4	69973958	69973958	"G"	"A"
4	69973962	69973962	"C"	"G"
4	69973971	69973971	"G"	"C"
4	69973973	69973973	"G"	"A"
4	69973973	69973973	"G"	"C"
4	69973973	69973973	"G"	"T"
4	69973974	69973974	"T"	"A"
4	69973982	69973982	"A"	"C"
4	69973986	69973986	"C"	"A"
4	69973988	69973988	"A"	"G"
4	69973990	69973990	"G"	"A"
4	69973992	69973992	"C"	"T"
4	69973992	69973992	"C"	"G"
4	69973994	69973994	"A"	"G"
4	69973995	69973995	"G"	"C"
4	69973997	69973997	"A"	"G"
4	69973998	69973998	"C"	"T"
4	69974001	69974001	"A"	"T"
4	69974003	69974003	"T"	"A"
4	69974004	69974004	"T"	"C"
4	69974011	69974011	"T"	"G"
4	69974018	69974018	"A"	"C"
4	69974019	69974019	"A"	"G"
4	69974025	69974025	"T"	"C"
4	69974028	69974028	"T"	"C"
4	69974039	69974039	"T"	"A"
4	69974039	69974039	"T"	"C"
4	69974040	69974040	"C"	"T"
4	69978176	69978176	"T"	"A"
4	69978177	69978177	"A"	"G"
4	69978182	69978182	"G"	"C"
4	69978182	69978182	"G"	"A"
4	69978184	69978184	"G"	"T"
4	69978186	69978186	"A"	"C"
4	69978186	69978186	"A"	"T"
4	69978188	69978188	"G"	"A"
4	69978197	69978197	"T"	"A"
4	69978201	69978201	"C"	"T"
4	69978214	69978214	"T"	"G"
4	69978218	69978218	"C"	"G"
4	69978219	69978219	"A"	"C"
4	69978240	69978240	"G"	"A"
4	69978240	69978240	"G"	"C"
4	69978243	69978243	"C"	"T"
4	69978245	69978245	"G"	"C"
4	69978250	69978250	"C"	"A"
4	69978251	69978251	"T"	"C"
4	69978255	69978255	"T"	"A"
4	69978266	69978266	"A"	"G"
4	69978267	69978267	"T"	"C"
4	69978268	69978268	"G"	"A"
4	69978269	69978269	"C"	"G"
4	69978269	69978269	"C"	"T"
4	69978269	69978269	"C"	"A"
4	69978270	69978270	"G"	"A"
4	69978272	69978272	"C"	"T"
4	69978276	69978276	"A"	"T"
4	69978287	69978287	"C"	"T"
4	69978290	69978290	"C"	"T"
4	69978294	69978294	"G"	"C"
4	69978294	69978294	"G"	"A"
4	69978296	69978296	"G"	"T"
4	69978300	69978300	"C"	"T"
4	69978302	69978302	"G"	"C"
4	69978305	69978305	"C"	"A"
4	69978310	69978310	"C"	"G"
4	69978310	69978310	"C"	"A"
4	69978329	69978329	"C"	"T"
4	69978339	69978339	"A"	"G"
4	69978345	69978345	"T"	"C"
4	69978346	69978346	"T"	"G"
4	69978360	69978360	"T"	"C"
4	69978386	69978386	"G"	"A"
4	69978396	69978396	"G"	"A"
4	69978396	69978396	"G"	"T"
4	69978408	69978408	"G"	"A"
4	69978413	69978413	"T"	"C"
4	69978417	69978417	"A"	"G"
4	69978422	69978422	"G"	"T"
4	69978423	69978423	"C"	"A"
4	69978432	69978432	"C"	"G"
4	69978438	69978438	"A"	"C"
4	69978447	69978447	"A"	"G"
4	69978448	69978448	"T"	"A"
4	69978449	69978449	"G"	"T"
