5	35954309	35954309	"T"	"A"
5	35954311	35954311	"T"	"G"
5	35954314	35954314	"T"	"A"
5	35954317	35954317	"A"	"G"
5	35954318	35954318	"C"	"G"
5	35954332	35954332	"C"	"T"
5	35954332	35954332	"C"	"G"
5	35954332	35954332	"C"	"A"
5	35954333	35954333	"G"	"A"
5	35954337	35954337	"C"	"A"
5	35954339	35954339	"A"	"C"
5	35954341	35954341	"C"	"T"
5	35954345	35954345	"C"	"T"
5	35954347	35954347	"A"	"G"
5	35954351	35954351	"C"	"A"
5	35954353	35954353	"C"	"A"
5	35954363	35954363	"T"	"G"
5	35954368	35954368	"C"	"T"
5	35954372	35954372	"G"	"A"
5	35954375	35954375	"A"	"C"
5	35954377	35954377	"A"	"G"
5	35954378	35954378	"T"	"C"
5	35954384	35954384	"C"	"G"
5	35954393	35954393	"G"	"A"
5	35954396	35954396	"C"	"A"
5	35954414	35954414	"C"	"T"
5	35954419	35954419	"A"	"G"
5	35954420	35954420	"T"	"C"
5	35954423	35954423	"G"	"T"
5	35954428	35954428	"T"	"C"
5	35954436	35954436	"C"	"A"
5	35954452	35954452	"G"	"T"
5	35954455	35954455	"T"	"C"
5	35954455	35954455	"T"	"G"
5	35954466	35954466	"G"	"T"
5	35954467	35954467	"T"	"G"
5	35954470	35954470	"G"	"A"
5	35954473	35954473	"G"	"A"
5	35954480	35954480	"C"	"G"
5	35954480	35954480	"C"	"A"
5	35954483	35954483	"T"	"C"
5	35954486	35954486	"G"	"C"
5	35954491	35954491	"A"	"G"
5	35954498	35954498	"C"	"A"
5	35954498	35954498	"C"	"T"
5	35954499	35954499	"G"	"C"
5	35954515	35954515	"C"	"T"
5	35954516	35954516	"G"	"A"
5	35954522	35954522	"C"	"T"
5	35954525	35954525	"G"	"A"
5	35954528	35954528	"T"	"C"
5	35954530	35954530	"A"	"G"
5	35954533	35954533	"G"	"A"
5	35954540	35954540	"A"	"G"
5	35954553	35954553	"A"	"C"
5	35954561	35954561	"C"	"G"
5	35954572	35954572	"G"	"A"
5	35954578	35954578	"T"	"C"
5	35954579	35954579	"A"	"T"
5	35955749	35955749	"C"	"G"
5	35955753	35955753	"T"	"C"
5	35955754	35955754	"C"	"T"
5	35955764	35955764	"T"	"G"
5	35955770	35955770	"C"	"T"
5	35955771	35955771	"A"	"G"
5	35955780	35955780	"G"	"A"
5	35955790	35955790	"C"	"T"
5	35955792	35955792	"G"	"A"
5	35955795	35955795	"G"	"A"
5	35955810	35955810	"C"	"T"
5	35955811	35955811	"G"	"A"
5	35955813	35955813	"A"	"G"
5	35955814	35955814	"T"	"C"
5	35955819	35955819	"A"	"G"
5	35955820	35955820	"C"	"T"
5	35955822	35955822	"C"	"T"
5	35955825	35955825	"T"	"A"
5	35955829	35955829	"T"	"G"
5	35955831	35955831	"T"	"C"
5	35955843	35955843	"C"	"A"
5	35955843	35955843	"C"	"T"
5	35955848	35955848	"C"	"T"
5	35955848	35955848	"C"	"G"
5	35955850	35955850	"T"	"C"
5	35955851	35955851	"G"	"C"
5	35955857	35955857	"A"	"C"
5	35955865	35955865	"C"	"T"
5	35955870	35955870	"T"	"C"
5	35955877	35955877	"G"	"A"
5	35955887	35955887	"C"	"T"
5	35955888	35955888	"A"	"G"
5	35955889	35955889	"T"	"C"
5	35955891	35955891	"G"	"A"
5	35955895	35955895	"C"	"A"
5	35955897	35955897	"C"	"T"
5	35955898	35955898	"C"	"G"
5	35955898	35955898	"C"	"T"
5	35955903	35955903	"C"	"T"
5	35955904	35955904	"G"	"A"
5	35955909	35955909	"G"	"A"
5	35955919	35955919	"C"	"T"
5	35955936	35955936	"T"	"C"
5	35955937	35955937	"G"	"A"
5	35955949	35955949	"G"	"T"
5	35955951	35955951	"C"	"T"
5	35955952	35955952	"G"	"T"
5	35955952	35955952	"G"	"A"
5	35955955	35955955	"T"	"C"
5	35955960	35955960	"G"	"T"
5	35955961	35955961	"G"	"C"
5	35955961	35955961	"G"	"T"
5	35955961	35955961	"G"	"A"
5	35955964	35955964	"G"	"A"
5	35957290	35957290	"C"	"T"
5	35957298	35957298	"T"	"A"
5	35957300	35957300	"A"	"T"
5	35957317	35957317	"C"	"T"
5	35957319	35957319	"A"	"T"
5	35957322	35957322	"A"	"G"
5	35957331	35957331	"T"	"C"
5	35957338	35957338	"C"	"T"
5	35957339	35957339	"C"	"A"
5	35957340	35957340	"A"	"C"
5	35957343	35957343	"T"	"A"
5	35957347	35957347	"C"	"A"
5	35957349	35957349	"T"	"C"
5	35957350	35957350	"C"	"G"
5	35957353	35957353	"T"	"C"
5	35957374	35957374	"A"	"G"
5	35957386	35957386	"C"	"T"
5	35957386	35957386	"C"	"G"
5	35957389	35957389	"C"	"T"
5	35957391	35957391	"T"	"C"
5	35957394	35957394	"G"	"A"
5	35957400	35957400	"T"	"G"
5	35957413	35957413	"T"	"G"
5	35957414	35957414	"G"	"T"
5	35957416	35957416	"G"	"T"
5	35957416	35957416	"G"	"A"
5	35957419	35957419	"T"	"C"
5	35957423	35957423	"C"	"G"
5	35957428	35957428	"G"	"C"
5	35957436	35957436	"T"	"C"
5	35957439	35957439	"G"	"A"
5	35957440	35957440	"A"	"G"
5	35957443	35957443	"G"	"C"
5	35957454	35957454	"A"	"C"
5	35957458	35957458	"T"	"C"
5	35957464	35957464	"C"	"A"
5	35957479	35957479	"C"	"A"
5	35957485	35957485	"C"	"G"
5	35957487	35957487	"G"	"A"
5	35957494	35957494	"C"	"T"
5	35957498	35957498	"G"	"T"
5	35957500	35957500	"T"	"C"
5	35957504	35957504	"A"	"C"
5	35957505	35957505	"A"	"G"
5	35957507	35957507	"G"	"T"
5	35957508	35957508	"A"	"G"
5	35957513	35957513	"G"	"T"
5	35957516	35957516	"C"	"G"
5	35957518	35957518	"A"	"T"
5	35957521	35957521	"C"	"A"
5	35965496	35965496	"C"	"T"
5	35965505	35965505	"T"	"C"
5	35965514	35965514	"C"	"T"
5	35965523	35965523	"C"	"T"
5	35965535	35965535	"C"	"T"
5	35965539	35965539	"G"	"T"
5	35965553	35965553	"G"	"A"
5	35965555	35965555	"C"	"T"
5	35965556	35965556	"G"	"A"
5	35965568	35965568	"A"	"C"
5	35965574	35965574	"A"	"G"
5	35965582	35965582	"T"	"G"
5	35965583	35965583	"T"	"A"
5	35965585	35965585	"A"	"G"
5	35965586	35965586	"C"	"T"
5	35965597	35965597	"T"	"G"
5	35965601	35965601	"C"	"T"
5	35965604	35965604	"T"	"G"
5	35965606	35965606	"A"	"G"
5	35965613	35965613	"G"	"A"
5	35965630	35965630	"C"	"G"
5	35965643	35965643	"G"	"T"
5	35965644	35965644	"G"	"C"
5	35965645	35965645	"A"	"T"
5	35965649	35965649	"G"	"T"
5	35965652	35965652	"C"	"T"
5	35965655	35965655	"T"	"C"
5	35965660	35965660	"G"	"A"
5	35965667	35965667	"C"	"T"
5	35965672	35965672	"G"	"A"
5	35965673	35965673	"T"	"C"
5	35965679	35965679	"G"	"T"
5	35965682	35965682	"T"	"C"
5	35965682	35965682	"T"	"G"
5	35965690	35965690	"T"	"C"
5	35965697	35965697	"T"	"C"
5	35965701	35965701	"G"	"T"
5	35965713	35965713	"C"	"A"
5	35965723	35965723	"T"	"G"
5	35965725	35965725	"C"	"A"
5	35965732	35965732	"C"	"T"
5	35965733	35965733	"G"	"C"
5	35965737	35965737	"C"	"G"
5	35965739	35965739	"A"	"G"
5	35965740	35965740	"G"	"C"
5	35965741	35965741	"A"	"G"
5	35965744	35965744	"T"	"C"
5	35965745	35965745	"C"	"A"
5	35965747	35965747	"A"	"C"
5	35965748	35965748	"T"	"C"
5	35965756	35965756	"G"	"A"
5	35965757	35965757	"T"	"C"
5	35965770	35965770	"G"	"C"
5	35965771	35965771	"A"	"G"
5	35965781	35965781	"C"	"T"
5	35965787	35965787	"A"	"G"
5	35965794	35965794	"G"	"C"
5	35965794	35965794	"G"	"T"
5	35965795	35965795	"C"	"A"
5	35965798	35965798	"G"	"A"
5	35965811	35965811	"C"	"G"
5	35965820	35965820	"C"	"T"
5	35965821	35965821	"G"	"T"
5	35965828	35965828	"G"	"A"
5	35965835	35965835	"G"	"A"
5	35965841	35965841	"C"	"A"
5	35965846	35965846	"A"	"G"
5	35965855	35965855	"A"	"C"
5	35965859	35965859	"G"	"T"
5	35965861	35965861	"T"	"C"
5	35965891	35965891	"A"	"T"
5	35965892	35965892	"A"	"G"
5	35965895	35965895	"C"	"T"
5	35965900	35965900	"A"	"G"
5	35965901	35965901	"C"	"T"
5	35965904	35965904	"A"	"G"
5	35965911	35965911	"A"	"T"
5	35965918	35965918	"T"	"A"
5	35965919	35965919	"T"	"A"
5	35965920	35965920	"C"	"G"
5	35965933	35965933	"G"	"A"
5	35965941	35965941	"T"	"C"
5	35965943	35965943	"T"	"C"
5	35965948	35965948	"T"	"C"
5	35965958	35965958	"G"	"T"
5	35965970	35965970	"A"	"C"
5	35965973	35965973	"G"	"T"
5	35965993	35965993	"A"	"T"
5	35966011	35966011	"G"	"C"
5	35966012	35966012	"A"	"T"
5	35966015	35966015	"C"	"G"
5	35966018	35966018	"T"	"C"
5	35968122	35968122	"T"	"C"
5	35968124	35968124	"C"	"A"
5	35968126	35968126	"A"	"T"
5	35968128	35968128	"C"	"T"
5	35968133	35968133	"G"	"A"
5	35968143	35968143	"T"	"G"
5	35968161	35968161	"T"	"G"
5	35968169	35968169	"C"	"A"
5	35968179	35968179	"G"	"T"
5	35968192	35968192	"A"	"T"
5	35968203	35968203	"T"	"C"
5	35968203	35968203	"T"	"A"
5	35968206	35968206	"C"	"G"
5	35968206	35968206	"C"	"T"
5	35968218	35968218	"T"	"C"
5	35968221	35968221	"C"	"T"
5	35968224	35968224	"C"	"T"
5	35968230	35968230	"T"	"C"
5	35968231	35968231	"A"	"C"
5	35968232	35968232	"A"	"G"
5	35988558	35988558	"T"	"C"
5	35988559	35988559	"C"	"G"
5	35988569	35988569	"C"	"A"
5	35988575	35988575	"T"	"C"
5	35988579	35988579	"G"	"A"
5	35988588	35988588	"T"	"G"
5	35988626	35988626	"C"	"T"
5	35988627	35988627	"G"	"A"
5	35988628	35988628	"G"	"T"
5	35988635	35988635	"A"	"G"
5	35988636	35988636	"G"	"C"
5	35988643	35988643	"A"	"C"
5	35988647	35988647	"C"	"T"
5	35988653	35988653	"C"	"T"
5	35991251	35991251	"A"	"G"
5	35991252	35991252	"G"	"C"
5	35991254	35991254	"G"	"A"
5	35991259	35991259	"T"	"C"
5	35991260	35991260	"A"	"G"
5	35991263	35991263	"G"	"T"
5	35991270	35991270	"T"	"C"
5	35991273	35991273	"T"	"C"
5	35991275	35991275	"G"	"A"
5	35991278	35991278	"G"	"A"
5	35991279	35991279	"C"	"G"
5	35991287	35991287	"A"	"T"
5	35991287	35991287	"A"	"C"
5	35991288	35991288	"G"	"T"
5	35991294	35991294	"C"	"T"
5	35991296	35991296	"C"	"T"
5	35991299	35991299	"G"	"A"
5	35991300	35991300	"A"	"G"
5	35991302	35991302	"A"	"G"
5	35991314	35991314	"A"	"T"
5	35991324	35991324	"G"	"T"
5	35991330	35991330	"G"	"A"
5	35991338	35991338	"A"	"G"
