2	234668945	234668945	"G"	"T"
2	234668946	234668946	"T"	"G"
2	234668951	234668951	"G"	"C"
2	234668952	234668952	"G"	"A"
2	234668955	234668955	"G"	"A"
2	234668956	234668956	"G"	"T"
2	234668958	234668958	"C"	"T"
2	234668959	234668959	"G"	"T"
2	234668965	234668965	"T"	"C"
2	234668982	234668982	"C"	"A"
2	234668994	234668994	"G"	"A"
2	234669006	234669006	"T"	"A"
2	234669012	234669012	"G"	"A"
2	234669016	234669016	"G"	"C"
2	234669021	234669021	"A"	"T"
2	234669022	234669022	"T"	"C"
2	234669031	234669031	"T"	"A"
2	234669033	234669033	"C"	"T"
2	234669040	234669040	"A"	"G"
2	234669043	234669043	"G"	"T"
2	234669058	234669058	"G"	"A"
2	234669064	234669064	"T"	"A"
2	234669070	234669070	"C"	"T"
2	234669075	234669075	"C"	"G"
2	234669079	234669079	"A"	"G"
2	234669092	234669092	"G"	"T"
2	234669094	234669094	"G"	"T"
2	234669096	234669096	"C"	"T"
2	234669099	234669099	"G"	"C"
2	234669100	234669100	"A"	"C"
2	234669112	234669112	"T"	"C"
2	234669115	234669115	"C"	"G"
2	234669118	234669118	"C"	"G"
2	234669123	234669123	"G"	"A"
2	234669127	234669127	"C"	"T"
2	234669135	234669135	"A"	"C"
2	234669142	234669142	"A"	"G"
2	234669144	234669144	"G"	"A"
2	234669153	234669153	"T"	"C"
2	234669166	234669166	"C"	"T"
2	234669175	234669175	"T"	"C"
2	234669177	234669177	"C"	"T"
2	234669180	234669180	"T"	"C"
2	234669181	234669181	"T"	"G"
2	234669186	234669186	"A"	"G"
2	234669193	234669193	"A"	"T"
2	234669202	234669202	"A"	"G"
2	234669205	234669205	"C"	"A"
2	234669208	234669208	"T"	"C"
2	234669214	234669214	"G"	"A"
2	234669219	234669219	"G"	"A"
2	234669220	234669220	"G"	"A"
2	234669223	234669223	"A"	"G"
2	234669243	234669243	"T"	"G"
2	234669244	234669244	"C"	"A"
2	234669255	234669255	"C"	"T"
2	234669259	234669259	"T"	"C"
2	234669268	234669268	"C"	"G"
2	234669270	234669270	"T"	"G"
2	234669278	234669278	"A"	"C"
2	234669278	234669278	"A"	"T"
2	234669283	234669283	"A"	"G"
2	234669284	234669284	"A"	"C"
2	234669287	234669287	"G"	"T"
2	234669289	234669289	"A"	"G"
2	234669291	234669291	"T"	"A"
2	234669297	234669297	"A"	"G"
2	234669300	234669300	"C"	"T"
2	234669301	234669301	"T"	"C"
2	234669305	234669305	"G"	"T"
2	234669310	234669310	"G"	"C"
2	234669323	234669323	"A"	"T"
2	234669327	234669327	"C"	"T"
2	234669327	234669327	"C"	"A"
2	234669331	234669331	"A"	"G"
2	234669342	234669342	"A"	"G"
2	234669352	234669352	"T"	"G"
2	234669355	234669355	"C"	"A"
2	234669375	234669375	"A"	"G"
2	234669382	234669382	"C"	"G"
2	234669388	234669388	"C"	"A"
2	234669409	234669409	"T"	"C"
2	234669410	234669410	"C"	"G"
2	234669411	234669411	"G"	"A"
2	234669412	234669412	"T"	"A"
2	234669414	234669414	"G"	"A"
2	234669419	234669419	"G"	"C"
2	234669430	234669430	"T"	"G"
2	234669435	234669435	"A"	"G"
2	234669438	234669438	"G"	"C"
2	234669441	234669441	"T"	"C"
2	234669443	234669443	"C"	"A"
2	234669447	234669447	"T"	"G"
2	234669449	234669449	"G"	"T"
2	234669451	234669451	"A"	"C"
2	234669457	234669457	"T"	"A"
2	234669462	234669462	"T"	"C"
2	234669463	234669463	"G"	"A"
2	234669465	234669465	"A"	"C"
2	234669469	234669469	"T"	"A"
2	234669492	234669492	"C"	"G"
2	234669492	234669492	"C"	"T"
2	234669498	234669498	"C"	"A"
2	234669507	234669507	"T"	"C"
2	234669508	234669508	"A"	"G"
2	234669510	234669510	"G"	"A"
2	234669516	234669516	"A"	"G"
2	234669517	234669517	"G"	"A"
2	234669529	234669529	"C"	"G"
2	234669529	234669529	"C"	"T"
2	234669532	234669532	"A"	"C"
2	234669544	234669544	"T"	"C"
2	234669547	234669547	"C"	"T"
2	234669558	234669558	"C"	"T"
2	234669558	234669558	"C"	"G"
2	234669559	234669559	"G"	"A"
2	234669561	234669561	"G"	"A"
2	234669562	234669562	"T"	"G"
2	234669573	234669573	"C"	"T"
2	234669574	234669574	"T"	"C"
2	234669576	234669576	"A"	"G"
2	234669577	234669577	"T"	"C"
2	234669588	234669588	"C"	"G"
2	234669589	234669589	"A"	"G"
2	234669594	234669594	"T"	"G"
2	234669603	234669603	"G"	"A"
2	234669606	234669606	"G"	"A"
2	234669607	234669607	"T"	"G"
2	234669609	234669609	"G"	"A"
2	234669610	234669610	"T"	"C"
2	234669616	234669616	"C"	"T"
2	234669619	234669619	"C"	"A"
2	234669619	234669619	"C"	"T"
2	234669622	234669622	"A"	"G"
2	234669628	234669628	"C"	"A"
2	234669628	234669628	"C"	"T"
2	234669639	234669639	"G"	"C"
2	234669651	234669651	"A"	"G"
2	234669652	234669652	"G"	"A"
2	234669660	234669660	"A"	"G"
2	234669661	234669661	"C"	"A"
2	234669663	234669663	"G"	"C"
2	234669679	234669679	"G"	"T"
2	234669681	234669681	"T"	"C"
2	234669691	234669691	"T"	"A"
2	234669701	234669701	"T"	"G"
2	234669715	234669715	"T"	"C"
2	234669718	234669718	"A"	"T"
2	234669720	234669720	"G"	"C"
2	234669726	234669726	"C"	"T"
2	234669741	234669741	"C"	"T"
2	234669749	234669749	"G"	"A"
2	234669756	234669756	"G"	"T"
2	234669759	234669759	"G"	"T"
2	234669759	234669759	"G"	"C"
2	234669760	234669760	"G"	"A"
2	234669766	234669766	"T"	"G"
2	234669768	234669768	"A"	"T"
2	234669770	234669770	"C"	"G"
2	234669771	234669771	"T"	"C"
2	234669771	234669771	"T"	"G"
2	234669781	234669781	"A"	"G"
2	234669792	234669792	"T"	"C"
2	234669796	234669796	"A"	"G"
2	234675681	234675681	"A"	"G"
2	234675690	234675690	"C"	"T"
2	234675690	234675690	"C"	"A"
2	234675714	234675714	"A"	"G"
2	234675719	234675719	"A"	"G"
2	234675720	234675720	"T"	"C"
2	234675722	234675722	"G"	"A"
2	234675726	234675726	"T"	"C"
2	234675732	234675732	"C"	"A"
2	234675737	234675737	"G"	"A"
2	234675738	234675738	"G"	"A"
2	234675741	234675741	"C"	"T"
2	234675758	234675758	"C"	"T"
2	234675764	234675764	"A"	"G"
2	234675770	234675770	"G"	"C"
2	234675771	234675771	"C"	"T"
2	234675773	234675773	"A"	"G"
2	234675779	234675779	"A"	"G"
2	234675782	234675782	"G"	"T"
2	234675783	234675783	"C"	"T"
2	234675800	234675800	"A"	"C"
2	234675807	234675807	"A"	"G"
2	234676499	234676499	"T"	"A"
2	234676502	234676502	"G"	"C"
2	234676504	234676504	"C"	"T"
2	234676505	234676505	"G"	"A"
2	234676505	234676505	"G"	"C"
2	234676508	234676508	"A"	"G"
2	234676519	234676519	"C"	"G"
2	234676520	234676520	"G"	"A"
2	234676522	234676522	"C"	"A"
2	234676522	234676522	"C"	"T"
2	234676526	234676526	"C"	"T"
2	234676526	234676526	"C"	"G"
2	234676529	234676529	"A"	"G"
2	234676530	234676530	"T"	"A"
2	234676534	234676534	"G"	"T"
2	234676534	234676534	"G"	"A"
2	234676535	234676535	"C"	"T"
2	234676544	234676544	"C"	"T"
2	234676544	234676544	"C"	"A"
2	234676549	234676549	"C"	"T"
2	234676568	234676568	"A"	"G"
2	234676571	234676571	"A"	"G"
2	234676573	234676573	"G"	"A"
2	234676582	234676582	"G"	"A"
2	234676866	234676866	"G"	"T"
2	234676872	234676872	"C"	"T"
2	234676874	234676874	"A"	"G"
2	234676875	234676875	"T"	"C"
2	234676880	234676880	"C"	"T"
2	234676881	234676881	"G"	"A"
2	234676881	234676881	"G"	"T"
2	234676889	234676889	"A"	"G"
2	234676901	234676901	"G"	"A"
2	234676911	234676911	"G"	"T"
2	234676922	234676922	"A"	"T"
2	234676931	234676931	"A"	"G"
2	234676932	234676932	"A"	"G"
2	234676937	234676937	"G"	"A"
2	234676944	234676944	"T"	"C"
2	234676945	234676945	"G"	"A"
2	234676946	234676946	"G"	"C"
2	234676952	234676952	"A"	"G"
2	234676954	234676954	"G"	"A"
2	234676955	234676955	"C"	"T"
2	234676965	234676965	"G"	"C"
2	234676965	234676965	"G"	"T"
2	234676974	234676974	"T"	"C"
2	234676977	234676977	"A"	"G"
2	234676979	234676979	"A"	"C"
2	234676979	234676979	"A"	"G"
2	234676988	234676988	"C"	"T"
2	234676989	234676989	"G"	"A"
2	234676991	234676991	"A"	"G"
2	234676992	234676992	"T"	"C"
2	234677001	234677001	"A"	"G"
2	234677004	234677004	"G"	"A"
2	234677012	234677012	"G"	"T"
2	234677015	234677015	"A"	"T"
2	234677023	234677023	"T"	"A"
2	234677036	234677036	"A"	"G"
2	234677057	234677057	"G"	"T"
2	234677058	234677058	"C"	"T"
2	234677080	234677080	"C"	"A"
2	234677085	234677085	"G"	"C"
2	234680910	234680910	"A"	"G"
2	234680915	234680915	"G"	"C"
2	234680916	234680916	"A"	"G"
2	234680924	234680924	"A"	"G"
2	234680925	234680925	"T"	"C"
2	234680925	234680925	"T"	"G"
2	234680925	234680925	"T"	"A"
2	234680927	234680927	"C"	"T"
2	234680928	234680928	"G"	"A"
2	234680928	234680928	"G"	"T"
2	234680930	234680930	"C"	"T"
2	234680931	234680931	"T"	"C"
2	234680938	234680938	"C"	"A"
2	234680939	234680939	"C"	"T"
2	234680948	234680948	"G"	"A"
2	234680950	234680950	"C"	"G"
2	234680951	234680951	"C"	"T"
2	234680952	234680952	"G"	"A"
2	234680955	234680955	"C"	"T"
2	234680957	234680957	"G"	"T"
2	234680960	234680960	"G"	"C"
2	234680964	234680964	"C"	"T"
2	234680971	234680971	"C"	"G"
2	234680972	234680972	"C"	"A"
2	234680975	234680975	"G"	"A"
2	234680976	234680976	"C"	"T"
2	234680978	234680978	"G"	"A"
2	234680981	234680981	"T"	"C"
2	234680985	234680985	"G"	"C"
2	234680987	234680987	"G"	"A"
2	234680991	234680991	"A"	"T"
2	234680991	234680991	"A"	"G"
2	234680992	234680992	"G"	"C"
2	234681003	234681003	"G"	"A"
2	234681005	234681005	"C"	"G"
2	234681008	234681008	"A"	"C"
2	234681014	234681014	"G"	"A"
2	234681015	234681015	"C"	"T"
2	234681017	234681017	"C"	"T"
2	234681020	234681020	"C"	"T"
2	234681026	234681026	"C"	"A"
2	234681027	234681027	"G"	"A"
2	234681032	234681032	"G"	"T"
2	234681032	234681032	"G"	"A"
2	234681038	234681038	"C"	"T"
2	234681040	234681040	"C"	"A"
2	234681041	234681041	"G"	"A"
2	234681048	234681048	"C"	"T"
2	234681051	234681051	"G"	"T"
2	234681053	234681053	"T"	"C"
2	234681059	234681059	"T"	"G"
2	234681062	234681062	"C"	"T"
2	234681066	234681066	"C"	"G"
2	234681066	234681066	"C"	"T"
2	234681072	234681072	"A"	"C"
2	234681074	234681074	"G"	"A"
2	234681095	234681095	"G"	"A"
2	234681098	234681098	"G"	"C"
2	234681098	234681098	"G"	"A"
2	234681102	234681102	"T"	"C"
2	234681105	234681105	"C"	"G"
2	234681107	234681107	"G"	"A"
2	234681108	234681108	"T"	"C"
2	234681113	234681113	"T"	"C"
2	234681114	234681114	"T"	"A"
2	234681116	234681116	"A"	"G"
2	234681128	234681128	"T"	"G"
2	234681146	234681146	"C"	"T"
2	234681147	234681147	"G"	"T"
2	234681147	234681147	"G"	"A"
2	234681151	234681151	"A"	"T"
2	234681159	234681159	"G"	"C"
2	234681161	234681161	"A"	"G"
2	234681162	234681162	"A"	"G"
2	234681167	234681167	"G"	"A"
2	234681171	234681171	"G"	"A"
2	234681173	234681173	"G"	"C"
2	234681200	234681200	"C"	"T"
2	234681201	234681201	"A"	"G"
