4	69403348	69403348	"C"	"A"
4	69403358	69403358	"C"	"A"
4	69403368	69403368	"G"	"C"
4	69403383	69403383	"C"	"T"
4	69403401	69403401	"C"	"A"
4	69403404	69403404	"T"	"A"
4	69403407	69403407	"G"	"C"
4	69403419	69403419	"A"	"G"
4	69403423	69403423	"T"	"C"
4	69403432	69403432	"C"	"T"
4	69403432	69403432	"C"	"A"
4	69403455	69403455	"A"	"C"
4	69403472	69403472	"C"	"A"
4	69403475	69403475	"G"	"C"
4	69403488	69403488	"T"	"G"
4	69403492	69403492	"G"	"A"
4	69403498	69403498	"C"	"T"
4	69403498	69403498	"C"	"A"
4	69403503	69403503	"C"	"A"
4	69403503	69403503	"C"	"T"
4	69403504	69403504	"G"	"A"
4	69403510	69403510	"G"	"A"
4	69403515	69403515	"G"	"T"
4	69403522	69403522	"T"	"C"
4	69403527	69403527	"C"	"T"
4	69403527	69403527	"C"	"A"
4	69403528	69403528	"G"	"A"
4	69403528	69403528	"G"	"T"
4	69403530	69403530	"A"	"G"
4	69403537	69403537	"A"	"C"
4	69403549	69403549	"A"	"C"
4	69403552	69403552	"C"	"G"
4	69403557	69403557	"C"	"T"
4	69403568	69403568	"C"	"A"
4	69403573	69403573	"C"	"T"
4	69403575	69403575	"G"	"A"
4	69403584	69403584	"T"	"C"
4	69403588	69403588	"G"	"A"
4	69403593	69403593	"C"	"A"
4	69403599	69403599	"A"	"G"
4	69403612	69403612	"T"	"A"
4	69403615	69403615	"C"	"T"
4	69403617	69403617	"T"	"A"
4	69416396	69416396	"T"	"C"
4	69416399	69416399	"G"	"T"
4	69416401	69416401	"T"	"C"
4	69416408	69416408	"T"	"A"
4	69416422	69416422	"G"	"A"
4	69416429	69416429	"G"	"A"
4	69416430	69416430	"C"	"G"
4	69416439	69416439	"A"	"T"
4	69416440	69416440	"C"	"T"
4	69416465	69416465	"T"	"G"
4	69416470	69416470	"G"	"T"
4	69416471	69416471	"C"	"T"
4	69416479	69416479	"T"	"C"
4	69416488	69416488	"A"	"G"
4	69416491	69416491	"T"	"C"
4	69416494	69416494	"G"	"A"
4	69416498	69416498	"T"	"C"
4	69416502	69416502	"A"	"C"
4	69416506	69416506	"T"	"A"
4	69416506	69416506	"T"	"C"
4	69416515	69416515	"G"	"T"
4	69416515	69416515	"G"	"A"
4	69416537	69416537	"T"	"C"
4	69416540	69416540	"G"	"A"
4	69416542	69416542	"A"	"G"
4	69416545	69416545	"C"	"A"
4	69416555	69416555	"T"	"C"
4	69416557	69416557	"G"	"A"
4	69416566	69416566	"A"	"T"
4	69416569	69416569	"C"	"T"
4	69416579	69416579	"C"	"T"
4	69416585	69416585	"G"	"C"
4	69416587	69416587	"G"	"A"
4	69416588	69416588	"T"	"C"
4	69416610	69416610	"A"	"T"
4	69416612	69416612	"G"	"A"
4	69417542	69417542	"C"	"A"
4	69417544	69417544	"A"	"C"
4	69417553	69417553	"T"	"C"
4	69417574	69417574	"A"	"G"
4	69417577	69417577	"C"	"T"
4	69417580	69417580	"G"	"A"
4	69417583	69417583	"T"	"C"
4	69417589	69417589	"C"	"T"
4	69417590	69417590	"C"	"G"
4	69417596	69417596	"T"	"A"
4	69417598	69417598	"T"	"C"
4	69417599	69417599	"T"	"C"
4	69417606	69417606	"C"	"G"
4	69417610	69417610	"C"	"T"
4	69417619	69417619	"C"	"T"
4	69417628	69417628	"A"	"G"
4	69426255	69426255	"C"	"A"
4	69426259	69426259	"T"	"C"
4	69426269	69426269	"G"	"C"
4	69426271	69426271	"G"	"T"
4	69426271	69426271	"G"	"A"
4	69426278	69426278	"C"	"A"
4	69426300	69426300	"T"	"G"
4	69426308	69426308	"A"	"C"
4	69426309	69426309	"C"	"T"
4	69426310	69426310	"A"	"T"
4	69426310	69426310	"A"	"G"
4	69426311	69426311	"T"	"C"
4	69426325	69426325	"G"	"A"
4	69426346	69426346	"A"	"G"
4	69426349	69426349	"C"	"A"
4	69426370	69426370	"A"	"C"
4	69426371	69426371	"C"	"T"
4	69431291	69431291	"T"	"G"
4	69431296	69431296	"C"	"A"
4	69431306	69431306	"G"	"C"
4	69431307	69431307	"C"	"G"
4	69431317	69431317	"G"	"C"
4	69431337	69431337	"C"	"A"
4	69431342	69431342	"T"	"A"
4	69431357	69431357	"C"	"T"
4	69431358	69431358	"G"	"A"
4	69431358	69431358	"G"	"C"
4	69431376	69431376	"A"	"G"
4	69431384	69431384	"C"	"T"
4	69431388	69431388	"T"	"A"
4	69431388	69431388	"T"	"C"
4	69431390	69431390	"A"	"G"
4	69431397	69431397	"T"	"G"
4	69431402	69431402	"G"	"A"
4	69431410	69431410	"C"	"T"
4	69431429	69431429	"G"	"C"
4	69431429	69431429	"G"	"T"
4	69431438	69431438	"C"	"T"
4	69433479	69433479	"C"	"G"
4	69433485	69433485	"C"	"A"
4	69433491	69433491	"T"	"G"
4	69433499	69433499	"T"	"C"
4	69433504	69433504	"C"	"G"
4	69433505	69433505	"C"	"G"
4	69433506	69433506	"A"	"G"
4	69433516	69433516	"A"	"T"
4	69433517	69433517	"T"	"C"
4	69433533	69433533	"A"	"G"
4	69433539	69433539	"C"	"G"
4	69433540	69433540	"A"	"T"
4	69433541	69433541	"A"	"T"
4	69433544	69433544	"T"	"C"
4	69433547	69433547	"A"	"T"
4	69433548	69433548	"G"	"T"
4	69433548	69433548	"G"	"A"
4	69433553	69433553	"T"	"C"
4	69433554	69433554	"A"	"C"
4	69433556	69433556	"A"	"G"
4	69433559	69433559	"A"	"G"
4	69433565	69433565	"T"	"C"
4	69433574	69433574	"T"	"C"
4	69433577	69433577	"A"	"G"
4	69433578	69433578	"T"	"A"
4	69433584	69433584	"T"	"A"
4	69433585	69433585	"C"	"A"
4	69433586	69433586	"A"	"G"
4	69433589	69433589	"T"	"C"
4	69433606	69433606	"C"	"T"
4	69433608	69433608	"T"	"C"
4	69433616	69433616	"G"	"A"
4	69433616	69433616	"G"	"C"
4	69433619	69433619	"A"	"G"
4	69433622	69433622	"T"	"C"
4	69433631	69433631	"G"	"A"
4	69433643	69433643	"C"	"T"
4	69433646	69433646	"C"	"T"
4	69433649	69433649	"C"	"T"
4	69433650	69433650	"C"	"G"
4	69433656	69433656	"T"	"C"
4	69433662	69433662	"C"	"A"
4	69433662	69433662	"C"	"T"
4	69433667	69433667	"T"	"C"
4	69433682	69433682	"C"	"T"
4	69433683	69433683	"G"	"A"
4	69433689	69433689	"T"	"C"
4	69433692	69433692	"A"	"C"
4	69433700	69433700	"G"	"T"
4	69433705	69433705	"G"	"T"
4	69433706	69433706	"T"	"A"
4	69433716	69433716	"C"	"G"
4	69433719	69433719	"C"	"A"
4	69433733	69433733	"C"	"T"
4	69433736	69433736	"G"	"A"
4	69433738	69433738	"A"	"T"
4	69433743	69433743	"C"	"G"
4	69433743	69433743	"C"	"T"
4	69433745	69433745	"G"	"A"
4	69433748	69433748	"T"	"C"
4	69433752	69433752	"C"	"T"
4	69433761	69433761	"C"	"T"
4	69433763	69433763	"T"	"A"
4	69433773	69433773	"A"	"C"
4	69433774	69433774	"C"	"G"
4	69433779	69433779	"G"	"T"
4	69433787	69433787	"C"	"G"
4	69433789	69433789	"C"	"G"
4	69433790	69433790	"A"	"G"
4	69433794	69433794	"G"	"A"
4	69433799	69433799	"T"	"C"
4	69433804	69433804	"C"	"A"
4	69433813	69433813	"A"	"T"
4	69433830	69433830	"T"	"C"
4	69433839	69433839	"C"	"T"
4	69433848	69433848	"C"	"T"
4	69433877	69433877	"T"	"G"
4	69433883	69433883	"C"	"A"
4	69433886	69433886	"A"	"C"
4	69433889	69433889	"G"	"A"
4	69433903	69433903	"A"	"T"
4	69433908	69433908	"A"	"C"
4	69433920	69433920	"C"	"A"
4	69433920	69433920	"C"	"T"
4	69433924	69433924	"C"	"T"
4	69433938	69433938	"A"	"C"
4	69433950	69433950	"C"	"A"
4	69433952	69433952	"T"	"C"
4	69433956	69433956	"T"	"C"
4	69433962	69433962	"A"	"C"
4	69433968	69433968	"T"	"C"
4	69433968	69433968	"T"	"A"
4	69433977	69433977	"C"	"A"
4	69433978	69433978	"T"	"G"
4	69433986	69433986	"T"	"C"
4	69433989	69433989	"T"	"C"
4	69433991	69433991	"G"	"C"
4	69433992	69433992	"C"	"T"
4	69434001	69434001	"T"	"G"
4	69434002	69434002	"A"	"C"
4	69434006	69434006	"G"	"T"
4	69434012	69434012	"A"	"G"
4	69434013	69434013	"C"	"G"
4	69434016	69434016	"G"	"C"
4	69434018	69434018	"A"	"G"
4	69434019	69434019	"T"	"C"
4	69434024	69434024	"G"	"A"
4	69434031	69434031	"A"	"T"
4	69434040	69434040	"C"	"T"
4	69434042	69434042	"A"	"G"
4	69434051	69434051	"T"	"C"
4	69434054	69434054	"C"	"T"
4	69434057	69434057	"C"	"G"
4	69434068	69434068	"C"	"A"
4	69434070	69434070	"C"	"G"
4	69434081	69434081	"G"	"A"
4	69434088	69434088	"T"	"G"
4	69434096	69434096	"C"	"G"
4	69434097	69434097	"A"	"T"
4	69434109	69434109	"C"	"T"
4	69434127	69434127	"C"	"A"
4	69434128	69434128	"C"	"A"
4	69434130	69434130	"T"	"C"
4	69434148	69434148	"T"	"A"
4	69434159	69434159	"C"	"A"
4	69434167	69434167	"C"	"T"
4	69434168	69434168	"A"	"G"
4	69434175	69434175	"G"	"C"
4	69434177	69434177	"A"	"G"
4	69434185	69434185	"C"	"T"
4	69434186	69434186	"A"	"G"
4	69434186	69434186	"A"	"T"
4	69434187	69434187	"T"	"A"
4	69434189	69434189	"C"	"A"
4	69434193	69434193	"T"	"G"
4	69434196	69434196	"G"	"C"
